#{"t_start": 1614890034.0310314, "env_id": null}
r,l,t
-1.556541,15,81.161117
-0.148081,4,102.703123
0.856744,18,211.194776
-0.144896,5,245.184462
1.241199,15,336.41365
-8.51469,24,481.973898
3.340738,21,602.204111
0.720448,48,887.184711
0.582941,9,939.4227
-0.635213,17,1041.986474
4.731273,34,1254.384131
-2.789634,44,1509.786794
-7.676679,23,1643.647305
-7.810148,28,1810.070167
5.132421,34,2014.588156
-4.83087,20,2127.022578
-1.225989,5,2157.793462
1.203407,22,2296.177712
-7.840647,51,2601.022189
-9.861482,33,2803.439454
-5.667859,24,2944.810175
-6.123473,21,3077.99003
-8.868258,25,3231.149786
-6.789756,23,3357.030249
-7.138651,24,3489.425222
-5.188982,22,3612.465095
-2.005228,20,3734.501715
-1.216443,23,3857.564476
-7.973467,29,4019.836063
-3.228969,16,4109.018202
-5.388326,17,4203.59171
-1.529689,4,4228.274359
1.599656,15,4324.390469
3.077331,21,4444.934577
-0.165438,10,4501.220698
-1.373791,13,4574.643903
-2.948677,17,4669.863308
-0.017625,16,4756.622028
-0.039903,11,4814.72471
1.425953,18,4916.361637
-0.006491,2,4927.165823
0.297009,13,4996.990317
-0.471213,14,5070.704375
0.15442,13,5138.189384
0.37442,13,5205.962058
-1.550711,19,5304.469072
0.57442,13,5372.36034
-3.245851,19,5472.077799
-4.383841,17,5565.750524
-4.760944,16,5650.313832
-4.322581,17,5739.613902
-4.358825,16,5823.270902
-6.638523,14,5897.464633
-9.163303,20,6006.228566
-6.509942,15,6095.565275
-5.031134,29,6248.916026
-2.691003,19,6352.495173
-1.604192,8,6394.505871
-4.504246,19,6493.788427
-3.688582,12,6557.512261
-1.034263,9,6606.791031
-1.543823,8,6652.516708
-3.164456,7,6691.189873
-2.939028,7,6734.554286
-1.439959,7,6772.268981
-2.278783,5,6799.454118
-2.276811,5,6827.870021
-2.271749,5,6855.643132
-2.312984,5,6882.992141
-2.310308,5,6912.713736
-2.310308,5,6940.07535
-2.306975,5,6967.335777
-2.311419,5,6995.964193
-2.313642,5,7023.699204
-2.308876,5,7050.513945
-2.301262,5,7078.767818
-2.303766,5,7107.017375
-2.892358,7,7144.214636
-3.036819,7,7180.970337
-2.302741,5,7209.125342
-2.809594,7,7248.153447
-2.783642,8,7290.424429
-2.543338,9,7345.407661
-3.060215,7,7384.101153
-3.076882,7,7421.363552
-2.576882,7,7458.086659
-2.20041,5,7485.000128
-1.602807,6,7516.60776
-1.964192,7,7556.672676
-0.513351,6,7588.313195
-1.507435,6,7620.264125
-1.456303,5,7648.636345
-1.445908,6,7681.722087
-1.450352,6,7715.638892
-2.949877,8,7761.884664
-2.208649,10,7815.955392
-2.951928,8,7860.894748
-2.851908,7,7900.714231
-2.316957,5,7935.59682
-2.313642,5,7964.135455
-5.581996,12,8027.321183
-4.500669,12,8091.073372
-4.693951,11,8151.427619
-6.469203,20,8259.612777
-3.687942,13,8329.644922
0.189498,11,8389.780224
-3.411977,10,8446.42199
-2.213549,7,8485.818263
-2.576882,7,8529.283205
-2.576882,7,8566.823679
-2.826882,7,8603.382585
-2.189959,7,8640.442453
-1.939959,7,8677.289465
-1.185123,7,8714.316837
-2.169521,7,8751.416962
-2.538386,7,8789.758753
-2.842243,7,8828.242805
-2.892874,7,8867.006739
-2.182139,8,8911.771523
-2.275833,7,8950.233448
-2.644372,8,8994.200105
-1.95184,7,9030.837594
-2.831693,7,9067.923258
-3.121116,7,9105.417268
-3.164944,7,9158.783806
-3.248286,7,9197.302289
-2.334831,7,9236.520097
-3.001116,7,9273.823056
-3.081967,7,9311.666573
-2.723549,7,9349.435688
-2.689959,7,9387.061883
-1.939959,7,9423.771427
-1.401497,7,9460.613591
-2.856626,7,9497.296082
-2.563707,7,9534.029135
-2.533248,7,9570.800462
-2.539735,7,9609.167789
-2.56577,7,9649.789263
-2.663915,7,9687.85337
-2.634377,7,9732.839463
-1.656322,7,9770.0198
-1.974784,7,9806.779144
-1.344119,7,9843.864207
-1.736066,7,9880.483731
-2.439213,7,9917.596478
-2.566932,7,9955.139663
-2.769907,7,9991.745544
-1.358972,7,10029.362333
-1.661194,7,10067.249923
-1.357861,7,10104.123753
-2.597278,7,10144.848888
-2.632992,7,10185.363333
-2.331279,7,10224.748926
-2.20141,7,10265.450239
-2.272459,7,10303.217151
-2.425087,7,10343.705738
-2.160215,7,10380.373327
-2.776608,7,10417.731284
-2.987558,8,10460.275527
-2.628705,7,10500.033706
-2.560318,7,10539.811952
-2.452617,7,10581.416269
-2.39782,7,10622.408129
-2.921166,8,10667.313806
-2.371765,7,10705.128475
-2.205134,7,10743.357871
-2.639958,7,10782.925807
-2.376078,8,10826.302159
-3.276978,7,10867.038408
-3.166313,7,10906.199204
-3.117979,7,10953.203879
-3.040678,7,10992.872893
-2.836145,7,11030.70424
-2.356626,7,11067.376851
-2.380215,7,11105.296937
-1.484192,7,11142.623621
-1.984192,7,11179.761712
-0.847269,7,11216.505428
-1.073935,7,11253.296113
-2.162269,7,11290.104673
-2.503425,7,11326.958722
-2.228283,7,11368.191577
-3.040639,7,11405.896807
-3.05218,7,11446.291662
-3.150381,7,11485.570252
-3.187665,7,11525.42191
-3.708026,8,11579.862323
-3.289257,7,11617.78873
-3.219326,7,11660.154925
-3.622179,8,11703.152606
-2.522154,7,11741.040322
-2.665501,7,11781.870095
-2.645501,7,11822.799465
-2.132825,7,11859.868275
-1.944784,7,11898.764391
-2.974784,7,11935.333476
-1.676066,7,11972.43881
-1.134119,7,12009.813132
-1.89614,7,12046.896892
-3.253634,7,12086.010336
-2.244389,7,12124.828711
-2.122269,7,12167.829905
-2.360252,7,12204.726652
-2.636924,7,12243.127317
-2.680025,7,12281.538499
-2.478903,7,12320.40241
-1.881388,7,12357.75888
-2.034822,7,12395.380961
-1.780933,7,12432.361403
-2.663987,7,12470.986195
-1.718237,7,12509.944158
-2.560602,7,12546.769821
-2.721005,7,12586.040398
-2.700828,7,12625.536803
-2.781678,7,12663.222528
-2.748226,7,12704.795467
-2.720032,7,12753.5936
-2.633525,7,12797.138397
-2.570504,7,12835.88603
-2.6424,7,12873.578391
-2.597215,7,12910.970497
-2.75817,7,12950.918999
-2.543623,7,12989.620286
-1.749063,7,13026.942266
-2.454988,7,13063.729263
-2.685737,7,13104.144555
-2.277856,7,13143.882046
-2.440038,7,13183.615162
-2.504269,7,13222.137416
-2.705078,7,13260.442956
-3.182555,7,13300.456272
-1.503631,6,13334.242469
-3.246293,7,13380.674604
-3.276463,7,13419.74862
-2.858132,7,13456.793181
-2.479959,7,13494.262329
-1.984831,7,13530.980846
-3.186441,7,13568.854683
-3.221537,7,13606.727277
-3.589999,9,13654.996237
-1.959959,7,13691.828735
-3.231973,7,13729.056258
-2.312848,7,13768.844724
-1.818315,5,13795.744672
-1.815684,5,13824.966982
-1.808518,5,13853.267268
-2.72732,7,13895.699488
-2.68726,7,13937.405078
-2.707688,7,13986.299052
-1.799267,5,14014.719063
-2.758808,7,14054.065753
-2.654076,7,14092.541345
-2.529513,7,14129.912338
-2.139769,7,14166.961702
-2.013102,7,14203.833915
-2.477131,7,14242.32957
-2.554054,7,14282.093412
-2.2904,7,14320.685684
-2.52533,7,14359.180005
-2.611384,7,14398.833352
-3.067883,7,14437.811003
-3.320692,7,14477.775053
-2.990343,7,14517.043631
-3.076882,7,14556.945634
-1.929023,7,14601.300015
-3.083268,7,14639.765348
-3.325441,7,14678.506667
-3.26701,7,14716.193143
-3.496416,8,14760.40711
-2.742839,7,14800.514589
-3.752832,8,14843.772865
-3.682758,8,14888.402565
-3.313223,7,14926.883239
-4.101687,9,14975.345104
-3.354285,7,15016.610973
-3.200481,7,15055.25937
-3.262115,7,15095.079979
-2.628297,7,15134.075554
-2.649474,7,15189.046152
-2.780065,9,15239.047799
-2.71798,7,15277.898999
-2.627106,7,15318.673878
-3.246949,7,15355.553977
-3.292258,7,15392.871747
-4.190015,9,15441.88511
-3.209664,7,15480.484147
-3.181022,7,15518.74554
-3.260072,7,15557.487368
-3.195882,7,15597.100981
-3.197686,7,15634.795177
-3.728148,8,15678.829142
-3.1733,7,15720.853838
-2.665056,7,15761.207019
-2.631104,7,15810.730386
-2.670731,7,15848.95473
-2.96322,7,15887.990908
-2.66408,7,15926.973522
-2.686586,7,15964.505953
-2.746413,7,16002.923548
-3.279344,9,16054.350478
-2.554135,7,16094.120239
-2.669337,7,16132.167737
-2.300025,7,16170.487943
-2.607501,7,16207.574161
-3.270993,7,16247.108649
-3.223132,7,16287.092338
-3.255721,7,16327.310831
-3.295086,7,16368.45199
-3.254107,7,16414.054298
-3.254199,7,16453.848327
-3.162857,7,16492.137393
-2.581842,7,16530.305776
-2.635884,7,16569.212757
-2.489937,7,16608.642699
-2.380065,7,16646.982656
-2.342766,7,16685.716875
-1.984192,7,16723.737521
-1.984192,7,16760.735355
-2.694522,7,16797.751676
-2.862708,8,16840.838662
-2.740269,7,16881.514101
-3.048304,7,16923.342413
-2.56487,7,16961.704106
-1.484192,7,17003.183431
-1.847269,7,17040.057876
-2.689377,7,17078.940571
-2.650837,7,17116.249779
-2.727982,7,17156.360489
-2.72411,7,17197.762164
-2.738678,7,17235.315448
-2.734976,7,17274.36148
-3.012248,7,17312.760398
-2.546081,7,17353.22436
-2.752187,7,17391.445221
-2.738273,7,17431.802634
-2.62171,7,17470.456679
-2.699348,7,17512.713915
-2.63271,7,17558.79572
-2.863413,8,17607.744188
-2.670865,7,17647.974286
-3.002603,7,17686.34023
-2.651463,7,17724.557285
-2.724065,7,17764.005221
-3.089967,7,17802.43393
-2.743998,7,17843.153732
-2.743553,7,17881.687802
-2.715593,7,17919.873187
-2.726729,7,17959.289734
-2.730439,7,17997.098673
-2.710125,7,18036.902738
-2.457448,8,18081.259402
-2.704062,7,18122.435024
-2.733872,7,18161.359191
-3.275528,7,18205.348401
-3.251204,7,18243.11535
-3.336988,7,18283.223814
-3.348615,7,18322.258923
-3.340371,7,18363.864299
-3.715232,8,18408.508763
-3.323064,7,18445.949663
-3.10333,7,18484.78019
-2.750255,7,18525.043995
-2.59487,7,18564.077832
-2.64155,7,18602.449511
-2.635091,7,18642.390602
-2.738196,7,18681.713442
-3.324333,7,18722.225362
-3.333295,7,18760.483785
-3.787522,8,18814.453263
-3.308917,7,18853.295254
-2.715071,7,18892.02344
-2.721697,7,18932.268245
-2.727364,7,18970.866902
-2.709918,7,19008.545798
-2.610955,7,19046.761542
-2.725239,7,19084.57003
-2.627963,7,19122.675857
-2.78095,7,19160.341958
-3.341475,7,19200.208496
-3.288059,7,19238.796666
-3.683816,8,19283.185407
-3.207377,7,19323.014182
-3.226597,7,19360.950734
-3.253878,7,19399.565563
-2.71349,7,19445.271101
-2.672583,7,19483.518167
-3.552071,8,19526.181529
-2.713133,7,19564.376803
-2.718233,7,19602.411361
-2.75333,7,19642.141065
-2.683622,7,19681.149252
-2.656495,7,19720.466246
-2.594586,7,19758.991435
-2.673924,7,19797.173223
-2.854946,7,19836.57067
-2.897956,7,19876.599527
-2.980516,7,19914.087935
-2.986084,7,19953.430695
-2.955526,7,19991.824525
-2.951689,7,20033.049008
-2.983249,7,20074.536504
-2.749079,7,20113.355753
-3.489096,9,20162.226611
-2.713985,8,20205.407849
-2.755664,7,20243.626649
-2.88589,7,20282.907633
-3.329506,7,20322.499334
-3.297535,7,20360.021966
-2.890318,7,20399.237327
-2.703754,7,20437.653594
-2.745679,7,20476.764871
-2.752054,7,20515.150306
-2.744237,7,20555.098234
-2.733138,7,20595.806194
-2.739797,7,20643.792843
-2.718962,7,20682.747363
-2.958652,7,20722.111336
-3.783892,8,20764.710747
-4.258291,9,20814.485662
-2.731193,7,20853.651597
-2.74971,7,20893.752662
-2.710168,7,20932.461593
-2.719657,7,20971.238709
-2.713983,7,21013.165889
-2.68977,7,21050.618125
-2.701731,7,21091.144802
-2.726805,7,21130.764344
-2.723256,7,21173.030451
-2.714805,7,21217.135553
-2.705716,7,21261.16316
-2.722051,7,21300.200707
-2.729674,7,21339.787077
-2.842827,7,21378.910607
-3.261792,7,21417.348151
-2.710056,7,21456.812469
-2.74022,7,21496.513587
-2.721211,7,21536.420807
-2.712962,7,21574.6387
-2.722051,7,21613.412468
-2.746789,7,21654.203335
-2.810442,7,21693.507671
-3.329326,7,21732.832137
-3.344503,7,21772.09367
-3.229373,7,21812.583575
-3.294336,7,21856.480255
-3.316052,7,21896.183262
-3.345024,7,21936.389634
-3.336096,7,21975.999481
-3.328735,7,22016.53392
-3.322744,7,22056.101015
-3.331551,7,22093.830978
-2.711878,7,22133.022749
-2.730881,7,22172.534112
-2.726959,7,22210.326007
-2.708717,7,22249.515754
-2.747806,7,22290.473299
-2.705104,7,22332.996003
-2.714198,7,22374.297129
-2.723089,7,22413.075158
-2.691305,7,22459.901842
-2.742451,7,22500.168112
-2.893301,7,22540.266416
-3.325644,7,22579.711207
-3.316048,7,22619.028477
-3.338502,7,22658.317571
-3.354285,7,22697.405051
-3.665545,8,22740.837625
-3.334291,7,22782.333999
-3.329949,7,22821.978989
-3.199744,7,22860.130399
-2.70802,7,22899.545688
-2.725622,7,22941.118459
-2.703474,7,22980.017981
-2.729232,7,23018.595954
-2.726201,7,23062.090055
-2.728037,7,23103.214858
-2.810818,8,23147.590584
-2.98216,7,23186.46844
-3.347588,7,23225.894667
-3.314663,7,23265.431287
-3.305572,7,23304.309779
-3.331294,7,23342.347939
-3.327426,7,23381.427411
-3.463209,9,23434.031544
-2.739769,7,23473.751649
-2.750284,7,23511.88762
-3.294352,7,23553.109602
-3.346695,7,23593.132983
-3.761148,8,23639.901378
-3.331539,7,23684.455974
-3.342969,7,23724.190048
-3.823006,8,23771.693781
-3.2534,7,23811.652792
-2.699144,7,23850.311371
-2.703716,7,23887.411756
-3.152999,8,23930.637074
-2.733564,7,23968.781268
-2.729284,7,24007.764711
-2.753586,7,24047.334803
-2.744224,7,24087.461079
-2.75094,7,24130.322607
-3.348473,7,24171.370496
-3.357151,7,24216.980378
-3.346133,7,24262.891536
-3.331656,7,24300.348238
-3.333638,7,24339.733836
-3.796376,8,24385.244734
-3.35086,7,24425.292581
-3.337296,7,24464.332286
-3.967184,9,24515.405615
-3.096761,7,24555.680113
-2.713074,7,24595.176377
-2.696827,7,24634.289116
-2.709775,7,24674.027501
-2.705383,7,24715.590084
-3.09868,8,24762.357198
-2.579455,7,24803.006819
-2.727313,7,24844.384722
-2.734472,7,24889.323229
-4.750187,10,24944.53399
-3.325986,7,24985.414835
-3.338606,7,25025.177871
-3.162466,7,25065.714134
-2.851759,7,25106.713049
-2.83316,7,25147.94468
-2.795194,7,25186.471291
-2.807812,7,25225.999029
-2.815864,7,25266.850008
-2.799874,7,25306.494824
-2.836915,7,25347.549587
-2.941755,7,25388.865991
-2.712761,7,25431.246066
-2.71572,7,25479.948096
-2.703911,7,25517.337972
-2.70844,7,25556.051013
-2.730054,7,25595.888058
-2.869344,7,25634.738144
-2.739249,7,25673.34733
-2.746604,7,25712.634534
-2.725264,7,25750.784871
-2.702281,7,25790.048524
-2.723764,7,25828.298242
-2.729199,7,25867.743271
-2.721952,7,25905.556924
-2.72595,7,25946.358754
-2.724943,7,25985.612187
-2.744488,7,26025.534454
-2.740422,7,26069.025125
-2.748526,7,26110.082653
-2.751615,7,26150.168455
-3.532846,9,26200.119414
-2.719116,7,26239.102332
-2.750276,7,26277.616282
-2.750131,7,26315.701282
-2.931412,7,26355.793345
-2.720781,7,26396.23779
-2.727676,7,26434.625204
-2.73099,7,26474.60487
-2.744178,7,26515.09372
-1.819891,5,26544.057102
-1.814981,5,26571.611221
-1.806349,5,26600.589971
-1.561008,5,26630.858324
-3.089147,7,26673.142428
-2.736418,7,26715.991922
-2.741673,7,26754.506764
-2.728115,7,26792.19919
-2.733513,7,26831.790179
-2.732337,7,26870.361322
-2.714393,7,26908.258155
-2.715853,7,26947.207531
-2.732337,7,26986.812157
-2.746199,7,27025.774138
-2.753586,7,27065.982755
-2.730372,7,27104.654773
-3.226587,7,27143.885508
-2.744636,7,27182.609491
-2.758667,7,27221.635084
-2.950312,7,27261.896961
-2.805592,7,27308.991264
-2.730432,7,27347.250971
-2.745911,7,27386.385502
-2.748411,7,27427.060781
-2.745381,7,27466.045954
-2.749026,7,27503.564392
-2.737401,7,27542.395715
-2.742634,7,27580.718307
-2.75076,7,27622.037041
-2.746818,7,27661.464153
-3.258368,8,27707.638244
-3.344078,7,27746.991889
-3.810861,8,27794.037315
-4.741832,10,27852.920826
-3.802851,8,27902.206986
-4.77479,10,27956.592462
-3.744961,8,28003.957345
-3.322252,7,28042.289964
-3.815169,8,28088.572362
-3.3329,7,28126.322971
-3.793335,8,28170.213619
-3.818497,8,28215.118351
-3.812046,8,28260.716473
-4.698775,10,28316.528655
-2.737033,7,28355.448896
-2.746423,7,28392.338423
-2.752326,7,28434.410402
-3.040076,7,28477.442676
-2.74446,7,28519.878489
-2.959572,8,28563.736856
-2.756355,7,28603.766639
-2.750911,7,28642.137865
-2.750908,7,28680.785003
-2.708083,7,28719.571792
-2.741937,7,28756.778878
-2.745049,7,28796.129767
-2.823607,7,28835.467423
-3.456083,8,28877.939322
-2.732452,7,28914.870242
-2.759878,7,28954.677592
-15.810304,36,29160.646393
-4.794277,10,29217.382024
-4.262138,9,29265.941
-3.649873,9,29314.614559
-3.659185,9,29363.757289
-4.196186,10,29420.083586
-5.769599,12,29485.222115
-4.187067,9,29532.621958
-3.31013,8,29578.057997
-2.729229,7,29618.225109
-2.736759,7,29659.414643
-2.741334,7,29702.376861
-2.746021,7,29745.820271
-2.746341,7,29784.788653
-2.751632,7,29824.645467
-2.651896,7,29866.431674
-2.726681,7,29906.467197
-2.732065,7,29944.554807
-2.749259,7,29986.544184
-2.983884,7,30024.769138
-2.729675,7,30062.416836
-2.749596,7,30100.601111
-2.73138,7,30138.232846
-2.73252,7,30176.92468
-2.723085,7,30216.801069
-2.719656,7,30258.405156
-2.699784,7,30299.986205
-3.377031,8,30346.63571
-5.778635,12,30412.13887
-3.84575,8,30456.277349
-3.810033,8,30502.981679
-4.314601,9,30551.431626
-4.28259,9,30599.838114
-3.807294,8,30643.601208
-3.80514,8,30687.94228
-3.834608,8,30731.909348
-3.830581,8,30777.725065
-3.888295,9,30827.086943
-2.733282,7,30869.138153
-2.736267,7,30917.926011
-1.145688,5,30945.130538
-3.207057,8,30988.947213
-3.213109,8,31033.247449
-3.200922,8,31076.497063
-3.213109,8,31120.797897
-3.187653,8,31163.449759
-3.198446,8,31207.798352
-3.881955,9,31257.461908
-2.73546,7,31296.744741
-2.751375,7,31335.574708
-2.746707,7,31375.481163
-3.097218,8,31420.046393
-3.128836,8,31464.302443
-0.506809,5,31494.895468
-2.754689,8,31545.975423
-2.731748,7,31585.231343
-2.722891,7,31623.051859
-2.732435,7,31662.488833
-2.738207,7,31700.914931
-2.720466,7,31739.474591
-1.335815,7,31778.580356
-2.748106,7,31816.84315
-2.706941,7,31856.758074
-2.749879,7,31895.599088
-3.631098,9,31947.295654
-4.77469,10,32005.449017
-4.293983,9,32056.156218
-2.363014,5,32086.206713
-2.367045,5,32118.463583
-2.357669,5,32147.912119
-2.370174,5,32175.104054
-2.366347,5,32202.850866
-2.020912,5,32230.772356
-1.817407,5,32260.009646
-1.80894,5,32287.959625
-1.806592,5,32316.004708
-1.810951,5,32344.970436
-1.802273,5,32374.509287
-2.219322,6,32407.585914
-2.432618,7,32446.255106
-2.186563,6,32479.860195
-1.828307,5,32507.172188
-2.998686,7,32548.62958
-3.811645,8,32594.193792
-4.208888,9,32643.598668
-2.72509,7,32683.882028
-2.833191,8,32735.848489
-5.206797,11,32796.897229
-4.776175,10,32853.563572
-4.291653,9,32902.563655
-6.17088,13,32976.269196
-3.790973,8,33020.582433
-1.817696,5,33048.59286
-3.803869,9,33097.522249
-4.183323,9,33146.60869
-2.355026,5,33174.606609
-2.364993,5,33204.402901
-3.263689,7,33242.449747
-3.145974,9,33296.210692
-2.851906,7,33342.571346
-1.808729,5,33371.666198
-1.804409,5,33400.874015
-1.810787,5,33429.541552
-2.107028,6,33462.143371
-1.815434,5,33490.513142
-1.814323,5,33518.158498
-1.819629,5,33547.699231
-1.819629,5,33576.019243
-1.811898,5,33603.453455
-1.81383,5,33631.103857
-2.734038,7,33670.177372
-2.735395,7,33708.184921
-2.739087,7,33746.448706
-2.900708,7,33788.704005
-4.754065,10,33845.350202
-3.327377,7,33887.607819
-3.337235,7,33931.828675
-3.808559,8,33980.40574
-4.746435,10,34035.902072
-4.800028,10,34091.676682
-3.167333,7,34129.462455
-3.244005,7,34169.023121
-1.806507,5,34197.663481
-2.158359,5,34227.691653
-1.77935,5,34255.782797
-1.809472,5,34283.627271
-1.817164,5,34313.09442
-1.820615,5,34341.433552
-1.814622,5,34368.70329
-1.812015,5,34399.535946
-1.866084,5,34427.568857
-2.034974,5,34457.572901
-1.801365,5,34488.777095
-1.824198,5,34517.743598
-1.815882,5,34554.138352
-2.172719,5,34583.116548
-2.91574,8,34629.464404
-1.819629,5,34657.876415
-1.804495,5,34688.599599
-1.810537,5,34719.073136
-1.570377,5,34747.641078
-1.81128,5,34775.438244
-1.806881,5,34803.65272
-1.809801,5,34830.68184
-1.817407,5,34861.797038
-1.819629,5,34890.969833
-1.818643,5,34919.790833
-1.91661,5,34948.090025
-2.036085,5,34978.161366
-1.823949,5,35008.017652
-1.798312,5,35037.570085
-1.822549,5,35069.069328
-1.815395,5,35099.056822
-1.820615,5,35129.911202
-1.824771,5,35165.903106
-1.818604,5,35195.47664
-1.823495,5,35222.743899
-1.824114,5,35249.738328
-1.824692,5,35276.761245
-1.819668,5,35306.066701
-1.820005,5,35334.367352
-1.79606,5,35363.468961
-1.787053,5,35390.898514
-2.100353,5,35419.166959
-1.810951,5,35447.014447
-1.396989,6,35481.379138
-1.817407,5,35510.968242
-1.811647,5,35539.261821
-1.817407,5,35565.813305
-1.824606,5,35592.843179
-1.828307,5,35620.402169
-1.826664,5,35650.790651
-1.56766,5,35680.94748
-1.812265,5,35714.119104
-1.81531,5,35748.129698
-1.81984,5,35776.923402
-1.817493,5,35803.868316
-1.826828,5,35831.88296
-1.828307,5,35859.747842
-1.825514,5,35886.313765
-1.852344,5,35914.686033
-2.361003,5,35942.769043
-2.256119,5,35971.970167
-1.813173,5,35999.678255
-2.164074,5,36027.475338
-1.818807,5,36056.027487
-1.819175,5,36084.004809
-2.375026,5,36114.419116
-2.846317,6,36149.257411
-2.371035,5,36177.246844
-2.3617,5,36206.992805
-2.021162,5,36236.989832
-2.225632,6,36271.60219
-1.824974,5,36304.131142
-1.826993,5,36332.598412
-1.819175,5,36366.37728
-1.822555,5,36393.011971
-1.818886,5,36422.598247
-2.985799,8,36469.326202
-1.816092,5,36497.482921
-3.492949,9,36547.317782
-2.303011,5,36575.025367
-2.304733,5,36604.219207
-2.306955,5,36634.252276
-2.308723,5,36664.105887
-2.300256,5,36691.786116
-2.126052,5,36720.48427
-1.70108,5,36749.691192
-1.82366,5,36777.620034
-1.818518,5,36806.429952
-1.811937,5,36833.585283
-1.814731,5,36862.431854
-2.375026,5,36896.068049
-2.365111,5,36928.08133
-2.363225,5,36960.181264
-2.366347,5,36989.680362
-2.372803,5,37018.781209
-2.853515,6,37052.286025
-2.366926,5,37080.101489
-2.373711,5,37109.019417
-2.374368,5,37137.543949
-2.3654,5,37166.961328
-2.370213,5,37195.462223
-2.359477,5,37224.495871
-2.368038,5,37251.651253
-2.364,5,37280.681071
-2.361121,5,37307.717097
-2.36947,5,37336.311871
-2.375026,5,37365.429861
-2.375026,5,37393.512791
-2.372803,5,37425.480845
-2.02531,5,37452.976332
-1.822752,5,37481.715559
-1.828307,5,37512.729737
-1.798125,5,37541.279478
-1.818072,5,37575.557969
-1.809637,5,37605.728238
-2.126022,6,37639.61438
-1.807618,5,37666.901528
-1.811937,5,37694.825828
-1.817775,5,37723.733819
-1.820043,5,37752.018185
-2.707413,7,37792.561877
-1.817164,5,37820.210473
-1.811937,5,37848.395044
-1.813173,5,37875.261691
-2.063949,6,37909.333026
-1.817203,5,37940.1347
-1.865178,5,37967.721816
-1.72791,5,37996.314777
-1.817407,5,38026.651298
-1.809018,5,38055.518063
-1.812187,5,38083.238289
-1.817407,5,38112.752034
-2.364336,5,38142.041375
-2.361535,5,38174.235142
-2.364336,5,38202.154192
-2.358818,5,38228.741336
-2.361535,5,38260.021894
-2.36947,5,38288.482681
-1.81391,5,38317.075733
-2.160122,5,38346.753879
-1.762179,5,38374.842126
-1.824692,5,38402.52264
-1.821029,5,38429.623979
-1.824442,5,38459.121801
-1.820983,5,38487.599219
-1.81506,5,38517.388314
-1.826085,5,38545.40388
-1.817196,5,38574.412589
-1.826007,5,38602.061508
-1.828307,5,38633.635912
-1.828307,5,38661.547391
-1.816421,5,38690.315827
-1.815717,5,38719.553964
-2.042667,5,38749.374137
-1.821108,5,38783.442329
-1.822752,5,38812.239986
-1.824771,5,38839.943692
-1.818682,5,38870.203693
-2.28585,6,38904.484696
-2.249626,6,38938.052621
-1.816296,5,38965.23874
-1.813791,5,38992.180478
-1.821851,5,39020.282436
-1.862665,5,39051.213585
-2.370213,5,39082.027873
-2.367459,5,39109.558903
-2.365361,5,39137.866517
-2.367334,5,39166.310606
-2.370096,5,39194.7838
-2.373711,5,39223.731189
-2.358656,5,39252.412043
-2.363014,5,39279.379238
-2.360464,5,39308.342901
-2.366597,5,39340.90807
-2.247538,5,39373.622809
-1.826828,5,39404.629495
-1.826007,5,39432.595026
-1.821897,5,39459.76188
-1.812015,5,39488.877413
-1.823126,5,39517.741708
-1.828569,5,39546.36833
-1.828307,5,39576.471541
-1.828307,5,39605.460848
-1.823705,5,39633.720705
-1.814941,5,39661.365955
-1.816953,5,39689.317042
-1.828307,5,39718.829305
-1.81391,5,39749.466433
-1.824974,5,39778.559758
-1.817243,5,39808.419019
-1.820654,5,39837.313613
-2.161324,5,39864.250837
-2.367827,5,39893.971138
-2.362357,5,39922.905593
-1.810951,5,39956.554427
-1.813048,5,39987.735803
-1.817407,5,40016.204899
-1.819629,5,40044.651189
-1.669854,5,40073.33008
-1.822877,5,40100.607973
-1.822752,5,40129.283615
-1.815639,5,40156.826242
-1.816625,5,40186.931127
-1.822752,5,40216.014475
-2.163546,5,40246.561291
-2.368859,5,40276.134277
-2.367004,5,40303.573659
-2.375026,5,40332.015687
-2.264021,5,40359.919511
-1.816296,5,40387.713134
-1.826335,5,40414.729792
-2.116966,5,40445.809489
-1.813173,5,40473.171046
-2.760425,7,40514.994925
-1.819629,5,40542.222309
-1.817986,5,40574.949202
-1.816343,5,40608.277102
-1.815928,5,40636.474816
-2.702743,8,40682.397462
-1.816671,5,40710.969067
-1.818315,5,40740.065525
-1.814074,5,40767.816241
-1.816013,5,40795.222078
-2.00857,5,40823.595263
-2.370667,5,40853.18626
-2.375026,5,40881.982507
-2.364454,5,40910.89528
-2.358983,5,40938.952965
-2.364743,5,40965.844753
-2.371692,5,40994.443393
-2.364823,5,41021.934509
-2.364993,5,41051.315633
-2.363914,5,41078.496969
-2.375026,5,41111.171462
-2.263647,5,41140.58062
-2.364336,5,41173.057473
-2.363014,5,41204.728229
-2.845403,6,41238.845615
-2.371692,5,41267.751054
-2.374039,5,41297.398441
-2.372232,5,41326.10184
-3.180069,7,41366.430856
-2.375026,5,41395.210395
-2.375026,5,41424.554273
-2.375026,5,41452.242072
-2.375026,5,41480.941694
-2.373546,5,41508.759552
-2.171483,5,41537.249328
-1.818643,5,41567.838758
-1.820615,5,41597.151368
-1.81959,5,41627.317148
-1.813417,5,41657.470617
-1.824606,5,41685.933256
-1.826993,5,41714.76185
-1.810951,5,41745.434321
-2.148326,5,41777.711836
-2.367499,5,41811.017158
-2.366386,5,41841.799924
-2.311709,5,41872.41942
-2.364164,5,41900.073328
-2.36565,5,41928.248097
-2.361864,5,41956.723095
-2.360753,5,41984.561233
-2.36688,5,42014.445012
-2.373546,5,42042.968374
-3.353099,8,42087.04087
-1.819629,5,42116.516518
-1.822674,5,42146.046697
-1.8588,5,42174.38599
-2.362357,5,42203.869865
-2.174974,5,42230.883895
-1.926854,5,42260.298356
-1.914638,5,42288.520036
-2.363139,5,42319.770169
-2.369845,5,42349.974028
-2.375026,5,42382.867347
-2.373382,5,42414.797255
-2.317598,5,42443.565697
-1.810951,5,42472.169008
-1.811851,5,42499.754333
-1.810051,5,42527.611771
-1.809597,5,42556.10545
-1.80894,5,42583.183141
-1.80124,5,42612.441169
-1.817407,5,42640.434819
-1.815356,5,42667.820417
-1.814284,5,42696.639341
-1.814198,5,42725.424992
-1.816585,5,42753.680443
-3.187942,8,42799.412349
-1.81675,5,42828.379023
-1.814159,5,42857.751083
-1.813173,5,42885.190798
-1.817407,5,42913.454762
-1.817164,5,42945.482203
-1.820451,5,42978.538179
-1.828307,5,43014.565446
-1.826664,5,43042.517071
-1.826664,5,43071.418137
-1.828307,5,43099.474312
-1.828307,5,43128.629809
-2.059202,5,43156.351281
-1.818189,5,43183.838927
-1.814074,5,43211.008007
-1.823456,5,43239.038797
-1.817196,5,43266.879638
-1.819418,5,43296.287784
-1.826993,5,43324.334069
-1.823331,5,43353.859872
-1.824974,5,43383.296859
-1.819465,5,43411.83507
-1.857859,6,43445.044768
-2.367373,5,43477.485917
-2.859918,6,43510.963806
-2.363139,5,43544.003962
-2.372146,5,43575.035485
-2.371035,5,43608.787552
-2.372725,5,43640.007384
-2.37256,5,43667.222709
-2.373053,5,43695.042377
-2.36688,5,43722.550717
-1.822752,5,43752.603333
-1.828307,5,43781.208998
-1.819629,5,43810.41015
-1.820286,5,43840.168906
-2.36947,5,43869.023357
-2.372725,5,43898.000225
-2.364125,5,43925.730079
-2.36972,5,43953.170911
-2.362435,5,43981.830636
-2.366308,5,44009.713916
-2.372067,5,44038.814927
-2.843375,6,44074.922409
-2.371238,5,44104.69402
-1.813384,5,44135.61162
-1.810583,5,44165.323539
-2.16383,5,44198.052036
-1.821194,5,44230.777422
-1.810951,5,44260.379182
-1.808729,5,44289.043401
-2.147669,5,44318.076056
-1.809472,5,44347.379643
-1.812962,5,44376.687001
-1.802273,5,44406.941289
-1.803916,5,44434.673965
-1.809386,5,44463.289961
-1.816671,5,44491.951354
-1.815928,5,44521.018446
-1.816013,5,44549.843023
-1.812641,5,44578.10678
-1.802273,5,44607.10804
-1.807039,5,44635.680482
-1.822344,5,44665.783858
-1.81391,5,44692.712901
-1.816507,5,44721.21742
-1.823863,5,44752.857839
-1.826664,5,44783.66921
-2.025026,5,44815.846456
-2.373711,5,44846.613263
-2.359642,5,44875.799539
-2.364907,5,44905.911489
-2.364,5,44933.998365
-2.362877,5,44961.995912
-2.364211,5,44990.545454
-2.371692,5,45019.578048
-2.371692,5,45047.088058
-2.372803,5,45076.663185
-2.372067,5,45103.693662
-2.368359,5,45134.115708
-2.364868,5,45163.919404
-2.366347,5,45192.114176
-2.169629,5,45220.993484
-1.815271,5,45249.33805
-1.824974,5,45280.308505
-1.735898,5,45308.586474
-1.814074,5,45339.044893
-1.821108,5,45370.767874
-1.819629,5,45404.210777
-1.820043,5,45436.199001
-1.81124,5,45463.707991
-2.116106,5,45491.788392
-1.80894,5,45518.990942
-1.806218,5,45548.915467
-1.812962,5,45577.208355
-1.811648,5,45605.484152
-1.805974,5,45633.407824
-1.80268,5,45661.121159
-1.817407,5,45689.825521
-1.819629,5,45720.312562
-1.816343,5,45751.392627
-2.265659,6,45787.647302
-1.810294,5,45816.730101
-1.917761,5,45846.257385
-2.375026,5,45877.065761
-2.360628,5,45906.467115
-2.366137,5,45936.908698
-2.362278,5,45967.553785
-2.364125,5,45997.698741
-2.375026,5,46042.771017
-2.365322,5,46071.385722
-2.368695,5,46098.923122
-2.370706,5,46128.371869
-2.036336,5,46157.296044
-1.826007,5,46187.092996
-0.918456,6,46222.987894
-2.061502,5,46251.443501
-1.824442,5,46280.825952
-1.823001,5,46308.92477
-1.825349,5,46336.66205
-1.826664,5,46365.755197
-1.822838,5,46393.010255
-1.811937,5,46420.013353
-3.150158,8,46465.089197
-1.82765,5,46491.557756
-1.814074,5,46518.448062
-1.821687,5,46548.247274
-1.828307,5,46579.609219
-2.174855,5,46610.950993
-1.822962,5,46644.349731
-1.824974,5,46674.33524
-1.828307,5,46702.22894
-1.828307,5,46731.3043
-1.828307,5,46759.913331
-1.818064,5,46789.261165
-1.817407,5,46817.594831
-3.143965,8,46863.352168
-1.826664,5,46892.189399
-2.371692,5,46920.487389
-2.370917,5,46948.591107
-2.367004,5,46978.502831
-2.374039,5,47005.978367
-2.375026,5,47035.343045
-1.828307,5,47067.396382
-2.261595,5,47094.20054
-1.814159,5,47122.645084
-1.817657,5,47152.38614
-1.819629,5,47183.481425
-1.819629,5,47217.444025
-1.817986,5,47247.774746
-2.010878,5,47275.462591
-2.36947,5,47307.180308
-2.375026,5,47335.214147
-2.370667,5,47364.616215
-2.36569,5,47393.716692
-2.364657,5,47423.453667
-2.170904,5,47452.092335
-1.818972,5,47480.514021
-1.82765,5,47508.651976
-1.828307,5,47535.674371
-1.821438,5,47564.415421
-1.81531,5,47591.902714
-1.826085,5,47619.072573
-1.815639,5,47647.360323
-1.818972,5,47676.203382
-1.813087,5,47703.601592
-1.820451,5,47731.14431
-1.369229,5,47760.910139
-1.861805,5,47793.669632
-2.360095,5,47824.04768
-2.360338,5,47861.33112
-2.375026,5,47889.007122
-2.26723,5,47916.728014
-1.916117,5,47945.657644
-1.811115,5,47973.155653
-1.812351,5,48002.294434
-1.819629,5,48030.591414
-1.809676,5,48058.101462
-1.815764,5,48087.825437
-1.819629,5,48117.27491
-1.813384,5,48145.786404
-1.803259,5,48174.15638
-1.763206,5,48201.588097
-1.572853,6,48236.146987
-1.813462,5,48265.089421
-1.815928,5,48299.307286
-1.80725,5,48326.956078
-1.814403,5,48360.140756
-1.821483,5,48388.235376
-1.855677,5,48422.215218
-2.365267,5,48454.208299
-2.364451,5,48483.578987
-2.343271,5,48511.977773
-2.804349,6,48546.353828
-2.363014,5,48575.239148
-2.36878,5,48604.013738
-2.364493,5,48631.784569
-2.844531,6,48664.378851
-2.366347,5,48691.29235
-2.367827,5,48718.573215
-2.367991,5,48747.436628
-2.371903,5,48776.509176
-2.370706,5,48803.318642
-2.853016,6,48839.482327
-2.375026,5,48870.194021
-2.362114,5,48899.824068
-2.360792,5,48930.099875
-1.816296,5,48958.617218
-1.818104,5,48989.146346
-1.815639,5,49019.068669
-1.814284,5,49050.608367
-1.81531,5,49081.72197
-1.820286,5,49111.235731
-1.828307,5,49140.592657
-1.828307,5,49169.655641
-1.828307,5,49197.40607
-1.920562,5,49224.726108
-2.374696,5,49253.015659
-2.382717,5,49281.472506
-2.376031,5,49312.369732
-2.383047,5,49341.869926
-2.380745,5,49370.795981
-2.371935,5,49398.45102
-2.36857,5,49426.849192
-2.35878,5,49455.04386
-2.373711,5,49484.180598
-2.371574,5,49511.453255
-2.364125,5,49538.762508
-2.373053,5,49567.688362
-2.367991,5,49598.798044
-2.374368,5,49630.086998
-2.368609,5,49662.538311
-2.372146,5,49690.811903
-2.375026,5,49719.42899
-2.178307,5,49751.032988
-1.826085,5,49779.638763
-1.825428,5,49807.611187
-2.256855,6,49840.719271
-1.818761,5,49869.631896
-1.826335,5,49897.677938
-1.8697,5,49927.228694
-2.371081,5,49955.914133
-2.367991,5,49986.960903
-2.375026,5,50017.019801
-2.375026,5,50044.735374
-2.374368,5,50075.879756
-2.366347,5,50106.648874
-2.366104,5,50136.430514
-2.369392,5,50163.987086
-2.36857,5,50195.057777
-2.371903,5,50224.707255
-2.375026,5,50255.86046
-2.363507,5,50287.245135
-2.850826,6,50320.024534
-2.366716,5,50347.538663
-2.3654,5,50375.731341
-2.363225,5,50403.030479
-2.36548,5,50431.746552
-2.830422,6,50465.509641
-2.361003,5,50493.537975
-2.362646,5,50520.403185
-2.364336,5,50549.442207
-2.392653,6,50583.393888
-1.816296,5,50613.070727
-1.821272,5,50640.280678
-1.828307,5,50669.945139
-1.810951,5,50701.308845
-1.810129,5,50730.409684
-1.81531,5,50759.08758
-2.098459,6,50796.707407
-1.817164,5,50825.778929
-1.824528,5,50863.551553
-1.81675,5,50892.249657
-1.815185,5,50921.927835
-1.559756,6,50955.837911
-1.811076,5,50986.506754
-1.965079,5,51014.60449
-1.813251,5,51041.594744
-1.825428,5,51070.545113
-1.823863,5,51099.623702
-1.828307,5,51128.167482
-1.822962,5,51156.29306
-1.824198,5,51186.092892
-1.820286,5,51215.209326
-1.811608,5,51243.842304
-1.79894,5,51271.73434
-1.807039,5,51301.485342
-1.814816,5,51331.114344
-1.821765,5,51358.432995
-1.816625,5,51390.657388
-1.812962,5,51420.389868
-1.817329,5,51452.566219
-1.810333,5,51484.250155
-1.814653,5,51511.956038
-1.810787,5,51541.148342
-1.804573,5,51571.459894
-1.812594,5,51600.483595
-1.80692,5,51626.985317
-1.811976,5,51656.228975
-1.815027,5,51684.014959
-2.122319,5,51713.333833
-1.805606,5,51742.402798
-1.806218,5,51771.717959
-2.011449,5,51802.315724
-2.266433,6,51835.449548
-1.814284,5,51863.861916
-1.809472,5,51892.083914
-1.813087,5,51919.102432
-2.157045,5,51946.726667
-2.367004,5,51974.108551
-2.363961,5,52007.492997
-2.365525,5,52039.051111
-2.364166,5,52074.517927
-2.368359,5,52103.880462
-2.369102,5,52131.786613
-2.370831,5,52158.127899
-2.357499,5,52188.015131
-2.367045,5,52216.282299
-2.03164,5,52244.48154
-1.825021,5,52272.477692
-1.812594,5,52299.130416
-2.843523,8,52343.670644
-1.826664,5,52372.875518
-1.819629,5,52402.493037
-1.744983,5,52431.72577
-1.790262,5,52459.262554
-1.794909,5,52486.856572
-1.810294,5,52516.777292
-1.803298,5,52546.201566
-1.80898,5,52575.702973
-2.255637,6,52615.802318
-1.806304,5,52647.625709
-1.801616,5,52682.858846
-1.806349,5,52710.007453
-1.913073,5,52738.346819
-2.370667,5,52767.815307
-2.14183,5,52797.331755
-2.860469,6,52834.85193
-2.812317,6,52869.897148
-2.358983,5,52898.295884
-2.375026,5,52929.235026
-2.373711,5,52957.75775
-2.357669,5,52985.163947
-2.357669,5,53015.551996
-2.363796,5,53044.456937
-2.26723,5,53071.832651
-2.18694,6,53109.031176
-1.815029,5,53137.665631
-1.819629,5,53166.847564
-1.817493,5,53198.011252
-1.817407,5,53232.280288
-1.818315,5,53270.261866
-1.803916,5,53302.999126
-3.014109,8,53349.157462
-1.806547,5,53379.067396
-1.79894,5,53406.776381
-1.915907,5,53435.149724
-2.35878,5,53463.595409
-2.362435,5,53492.119208
-2.371692,5,53521.083616
-2.368813,5,53550.227386
-2.330839,5,53578.710693
-1.820615,5,53607.540776
-1.82366,5,53636.006792
-1.828307,5,53666.15546
-1.828307,5,53696.799635
-1.815514,5,53727.439962
-1.820983,5,53754.972334
-1.82765,5,53784.371655
-1.822752,5,53814.255079
-1.826828,5,53847.712649
-1.929365,5,53881.824333
-2.364868,5,53910.72874
-2.369517,5,53938.749419
-2.371324,5,53968.693672
-2.375026,5,53997.422985
-2.375026,5,54028.47297
-2.375026,5,54058.539867
-2.370213,5,54086.104187
-2.368484,5,54117.217343
-2.368038,5,54146.558237
-2.347121,5,54175.096157
-2.334211,5,54204.541445
-2.367004,5,54232.897388
-2.372803,5,54262.756169
-2.36688,5,54289.399539
-2.375026,5,54320.561163
-2.372725,5,54347.961011
-1.977631,5,54376.373709
-1.806138,5,54407.881233
-1.814074,5,54437.674282
-1.819629,5,54470.596095
-1.799472,5,54506.417511
-1.809965,5,54536.396426
-1.80692,5,54565.279121
-1.81074,5,54595.434531
-1.812594,5,54623.560383
-1.815356,5,54652.634044
-1.550708,6,54686.257837
-1.818643,5,54714.812176
-1.819629,5,54743.262501
-1.824362,5,54772.209977
-1.819629,5,54800.440938
-1.819629,5,54830.136997
-1.81074,5,54859.248287
-1.808854,5,54887.376362
-1.810951,5,54916.771868
-1.808189,5,54945.515726
-1.819629,5,54976.273894
-1.810583,5,55006.499515
-1.809965,5,55036.550619
-1.816296,5,55068.167182
-1.818315,5,55101.753691
-1.811115,5,55129.596565
-1.819629,5,55158.33815
-1.818315,5,55187.042715
-1.810129,5,55214.75166
-1.819629,5,55244.661897
-1.826085,5,55276.007895
-1.815639,5,55304.819321
-1.813173,5,55334.110726
-1.819958,5,55362.928603
-1.822062,5,55391.516231
-1.809472,5,55420.714355
-1.814237,5,55451.30025
-1.828307,5,55481.932512
-1.821976,5,55515.491451
-1.821272,5,55546.313811
-1.820326,5,55573.374214
-1.821108,5,55603.484345
-1.823541,5,55634.153841
-1.825842,5,55667.815529
-1.821535,5,55702.830115
-1.828307,5,55730.430093
-1.823541,5,55759.308826
-1.819629,5,55788.110275
-1.822752,5,55819.32265
-1.828307,5,55848.102975
-1.818932,5,55877.533488
-1.826828,5,55905.156813
-2.356128,5,55934.537482
-1.803259,5,55962.900608
-1.803916,5,55992.205463
-1.81531,5,56020.78632
-1.819629,5,56047.290654
-1.819629,5,56076.997571
-1.814284,5,56106.077531
-1.812805,5,56135.732184
-1.803752,5,56164.392091
-1.819629,5,56193.328137
-1.802148,5,56223.773486
-2.153178,5,56257.616617
-2.368359,5,56287.485105
-2.375026,5,56322.806679
-2.373053,5,56351.170128
-2.135413,5,56381.028588
-2.374368,5,56412.960373
-2.37116,5,56441.218449
-2.367004,5,56471.286394
-2.375026,5,56498.67038
-2.366558,5,56528.788801
-2.363671,5,56560.674827
-2.362676,5,56590.338615
-2.370243,5,56618.778687
-2.366996,5,56647.47966
-2.296475,5,56677.123527
-2.382386,5,56704.844752
-2.011079,5,56735.235175
-2.104346,5,56763.046639
-1.820983,5,56792.352379
-1.812962,5,56827.490515
-1.818643,5,56858.192905
-2.012145,5,56888.237962
-2.235476,5,56921.339752
-1.813744,5,56949.710882
-1.824974,5,56978.667584
-1.828307,5,57007.255786
-1.817368,5,57035.81709
-1.814284,5,57063.540059
-1.828307,5,57093.753216
-1.906201,5,57124.082712
-1.812101,5,57151.457488
-3.045706,8,57195.974457
-3.036821,8,57242.618456
-2.146032,6,57275.647736
-1.823292,5,57302.94797
-1.814284,5,57333.461616
